country,total,curriculum_laws,family_planning,sex_edu,year_preg,pregnancy_rate,hiv_rate
Afghanistan,54,0,37,0,2017,62.0,627050.2347
Albania,82,100,85,100,2017,15.9,444447.2048
Angola,66,0,100,0,2014,163.0,704791.0262
Antigua and Barbuda,NA,0,33,0,2018,27.7,498399.1011
Armenia,87,100,93,100,2017,21.2,429057.6941
Australia,NA,0,93,0,2017,10.1,449834.7714
Bangladesh,NA,100,0,94,2018,74.0,575212.7055
Barbados,44,0,20,0,2007,49.7,490633.1266
Belarus,87,100,100,100,2017,14.2,436095.4776
Belgium,NA,100,100,100,2017,5.9,488710.0915
Belize,42,0,0,50,2017,64.3,501902.1311
Benin,91,100,77,100,2016,108.0,557419.8069
Botswana,NA,100,93,94,2017,50.0,541408.5187
Burkina Faso,72,100,52,75,2016,132.3,623880.1328
Burundi,64,0,38,50,2015,58.2,534435.3979
Cambodia,98,100,100,100,2013,57.4,489663.8513
Cameroon,NA,0,100,0,2014,119.0,642422.9319
Central African Republic,77,100,70,94,2009,229.0,750449.6452
Chad,75,0,100,0,2013,179.4,665438.1378
China,NA,NA,100,NA,2015,9.2,414911.0224
Colombia,97,100,100,100,2017,61.0,573437.6657
Congo,53,0,92,0,2013,111.3,645597.084
Costa Rica,62,0,67,0,2018,50.4,521663.6415
Cote d'Ivoire,63,0,100,0,2015,123.3,601722.8618
Czech Republic,70,100,0,100,2017,12.1,465171.664
North Korea,83,100,100,63,2017,1.0,459053.5028
Democratic Republic of the Congo,NA,NA,85,NA,2012,138.1,656145.1086
Denmark,90,100,85,100,2017,2.8,494481.341
Egypt,44,0,37,0,2018,51.8,481266.9882
El Salvador,83,100,100,100,2013,74.0,554836.026
Equatorial Guinea,NA,0,NA,0,2010,176.0,668516.3293
Finland,98,100,100,100,2017,4.9,505575.8508
Gabon,58,100,22,100,2012,91.0,648306.6611
Gambia,83,100,100,100,2012,86.0,488945.0974
Georgia,93,100,100,94,2018,32.3,368474.3048
Germany,NA,NA,85,NA,2018,5.7,489392.5461
Greece,54,0,33,0,2018,8.6,485534.3659
Guatemala,NA,100,85,100,2016,78.9,549061.88
Guinea,NA,NA,100,NA,2016,120.0,585448.9349
Guinea-Bissau,70,0,85,50,2012,106.4,555105.5766
Guyana,75,100,70,100,2013,73.7,505145.6919
Haiti,65,0,85,0,2015,54.8,600494.4676
Honduras,NA,0,60,0,2014,88.7,584118.5435
India,NA,0,100,0,2016,10.7,533937.0367
Iran,NA,0,100,0,2017,33.2,520080.8705
Iraq,39,0,27,0,2009,82.1,535544.0678
Japan,83,100,100,100,2017,3.4,441726.9646
Kazakhstan,63,0,67,0,2018,25.6,423099.0163
Kyrgyzstan,73,100,70,94,2017,33.9,357868.6956
Laos,96,100,100,100,2016,83.4,512288.4232
Latvia,70,100,33,100,2017,16.1,449782.6496
Liberia,NA,0,85,0,2015,150.3,639078.1934
Libya,33,0,0,0,2013,10.9,536857.6025
Lithuania,88,100,85,100,2017,12.6,456563.4602
Malawi,76,100,93,100,2015,137.6,654351.3671
Malaysia,81,100,85,100,2017,9.3,485174.7763
Maldives,45,100,0,81,2017,8.9,467043.763
Mali,79,0,93,0,2017,164.0,574741.1486
Malta,90,100,100,100,2017,12.5,476316.0617
Mauritania,62,0,100,0,2014,84.0,548238.0303
Mauritius,73,0,70,0,2018,24.0,483279.5092
Mexico,NA,100,100,94,2018,70.5,484013.0247
Montenegro,52,0,37,0,2018,10.0,435407.28
Mozambique,94,100,100,100,2016,180.0,555661.3424
Myanmar,82,100,100,100,2015,28.0,490014.4974
Namibia,96,100,100,100,2016,63.9,588898.6777
Nepal,48,0,67,0,2015,88.2,511311.2706
Netherlands,98,100,100,100,2017,2.9,477599.7976
New Zealand,94,100,100,100,2018,13.8,476625.4164
Niger,NA,100,100,100,2016,154.0,594170.9263
Nigeria,NA,100,100,100,2017,106.0,483208.5176
Pakistan,65,0,100,0,2016,46.0,562398.6999
Peru,NA,100,93,100,2017,44.0,588775.3259
Philippines,75,100,53,100,2017,39.0,558165.86
Moldova,NA,100,67,NA,2018,21.4,435499.3641
Romania,NA,0,NA,0,2017,38.1,459772.7588
Russian Federation,NA,0,100,0,2016,21.5,475349.3846
Saint Lucia,NA,100,70,100,2014,36.0,514438.6221
Saint Vincent and the Grenadines,81,100,93,100,2017,52.3,501475.5379
Sao Tome and Principe,54,100,0,50,2014,92.0,543741.4175
Saudi Arabia,NA,NA,100,NA,2009,8.7,492881.549
Senegal,NA,0,22,0,2016,77.5,580495.3182
Serbia,86,100,100,50,2017,15.2,441716.9818
Sierra Leone,65,0,100,0,2016,101.3,556228.5143
Slovenia,NA,NA,100,NA,2017,4.1,455624.9387
Somalia,NA,0,0,0,2005,123.0,589107.0659
South Africa,95,100,85,100,2017,40.9,525165.2558
South Sudan,16,0,7,44,2008,158.1,657024.0043
Sri Lanka,89,100,100,100,2015,21.0,469174.5252
Palestine,60,0,85,0,2014,48.0,530435.1866
Sudan,57,0,45,0,2013,86.8,601819.3781
Suriname,45,0,20,0,2017,56.7,508090.2086
Sweden,100,100,100,100,2017,4.6,511871.0176
Switzerland,92,100,100,100,2017,2.4,489115.7229
Syrian Arab Republic,77,100,93,94,2009,54.0,521191.1121
Togo,73,0,100,0,2016,88.7,619328.4516
Trinidad and Tobago,32,100,0,100,2009,38.0,472637.0176
Tunisia,NA,0,NA,0,2017,4.0,491751.4316
Turkey,NA,NA,85,NA,2017,20.9,520253.736
Ukraine,88,100,100,100,2017,19.1,457822.5992
United Kingdom,92,100,100,100,2017,12.4,524092.2485
Tanzania,NA,100,100,100,2016,138.9,582583.1133
Uruguay,99,100,100,100,2018,35.8,441084.083
Uzbekistan,NA,NA,67,NA,2017,18.9,352105.7156
Vietnam,54,0,52,50,2014,30.1,441197.1039
Yemen,63,0,100,0,2012,67.2,694467.8714
Zambia,91,100,78,100,2017,135.0,651578.9719
Algeria,NA,NA,NA,NA,2015,9.7,501108.2496
Andorra,NA,NA,NA,NA,2018,2.7,481458.8803
Argentina,NA,NA,NA,NA,2017,54.4,470554.2493
Austria,NA,NA,NA,NA,2017,6.7,497594.6574
Azerbaijan,NA,NA,NA,NA,2017,45.0,379163.5616
Bahamas,NA,NA,NA,NA,2013,29.0,496099.4194
Bahrain,NA,NA,NA,NA,2017,13.6,481415.0691
Bhutan,NA,NA,NA,NA,2012,28.4,552760.7293
Bolivia,NA,NA,NA,NA,2015,71.0,547847.012
Bosnia and Herzegovina,NA,NA,NA,NA,2016,11.0,440611.6094
Brazil,NA,NA,NA,NA,2017,52.7,500259.9247
Brunei,NA,NA,NA,NA,2017,9.8,461008.8147
Bulgaria,NA,NA,NA,NA,2017,38.2,450673.0006
Cape Verde,NA,NA,NA,NA,2010,80.0,485207.7386
Canada,NA,NA,NA,NA,2017,7.7,499823.63
Chile,NA,NA,NA,NA,2017,26.4,460268.4188
Comoros,NA,NA,NA,NA,2011,70.3,570431.6542
Cook Islands,NA,NA,NA,NA,2015,67.0,NA
Croatia,NA,NA,NA,NA,2017,9.1,439072.6072
Cuba,NA,NA,NA,NA,2017,52.0,472030.2283
Cyprus,NA,NA,NA,NA,2017,4.4,491792.4331
Djibouti,NA,NA,NA,NA,2011,21.0,519075.9747
Dominica,NA,NA,NA,NA,2003,48.4,503357.2403
Dominican Republic,NA,NA,NA,NA,2017,51.0,508220.2754
Ecuador,NA,NA,NA,NA,2017,71.1,543697.655
Eritrea,NA,NA,NA,NA,2008,76.0,577784.1993
Estonia,NA,NA,NA,NA,2017,10.5,449512.6909
Ethiopia,NA,NA,NA,NA,2014,79.5,551751.2785
Fiji,NA,NA,NA,NA,2016,23.1,559559.7703
France,NA,NA,NA,NA,2018,8.6,482972.697
Ghana,NA,NA,NA,NA,2016,75.1,556534.122
Grenada,NA,NA,NA,NA,2014,35.9,528040.5145
Hungary,NA,NA,NA,NA,2017,22.9,478815.7671
Iceland,NA,NA,NA,NA,2017,6.0,493252.3096
Indonesia,NA,NA,NA,NA,2016,36.0,556878.7602
Ireland,NA,NA,NA,NA,2017,7.2,494791.4816
Israel,NA,NA,NA,NA,2017,9.9,510941.5471
Italy,NA,NA,NA,NA,2017,4.4,471564.0484
Jamaica,NA,NA,NA,NA,2017,51.7,473115.2896
Jordan,NA,NA,NA,NA,2016,27.0,432126.9864
Kenya,NA,NA,NA,NA,2014,96.0,618405.2515
Kiribati,NA,NA,NA,NA,2010,49.0,590998.7184
Kuwait,NA,NA,NA,NA,2017,6.3,491406.7258
Lebanon,NA,NA,NA,NA,2018,13.3,518844.6495
Lesotho,NA,NA,NA,NA,2013,94.0,581786.6423
Luxembourg,NA,NA,NA,NA,2017,4.0,496520.1865
Madagascar,NA,NA,NA,NA,2014,152.0,602905.02
Marshall Islands,NA,NA,NA,NA,2011,84.5,567978.5567
Micronesia,NA,NA,NA,NA,2009,44.0,569249.7531
Mongolia,NA,NA,NA,NA,2018,32.6,402150.2304
Morocco,NA,NA,NA,NA,2017,19.0,539781.5399
Nicaragua,NA,NA,NA,NA,2009,92.0,521954.5927
Norway,NA,NA,NA,NA,2017,2.9,548801.4461
Oman,NA,NA,NA,NA,2018,11.7,500498.1937
Panama,NA,NA,NA,NA,2017,75.9,566912.764
Papua New Guinea,NA,NA,NA,NA,2016,68.0,587568.5123
Paraguay,NA,NA,NA,NA,2015,72.0,557678.3489
Poland,NA,NA,NA,NA,2017,11.1,442287.6111
Portugal,NA,NA,NA,NA,2017,8.0,470762.4182
Qatar,NA,NA,NA,NA,2017,8.5,451603.637
South Korea,NA,NA,NA,NA,2017,1.0,438428.3153
Macedonia,NA,NA,NA,NA,2018,15.1,440393.2616
Rwanda,NA,NA,NA,NA,2016,41.0,572587.1319
Saint Kitts and Nevis,NA,NA,NA,NA,2007,46.1,NA
Samoa,NA,NA,NA,NA,2011,39.2,582774.0567
San Marino,NA,NA,NA,NA,2017,1.4,NA
Seychelles,NA,NA,NA,NA,2018,68.3,477545.4394
Singapore,NA,NA,NA,NA,2018,2.5,445979.5578
Slovakia,NA,NA,NA,NA,2017,26.8,454088.9291
Solomon Islands,NA,NA,NA,NA,2013,78.0,599227.6981
Spain,NA,NA,NA,NA,2017,7.1,474399.8054
Tajikistan,NA,NA,NA,NA,2016,54.3,368932.1125
Thailand,NA,NA,NA,NA,2017,37.8,453795.884
Timor-Leste,NA,NA,NA,NA,2015,41.9,519984.5593
Tonga,NA,NA,NA,NA,2011,30.0,571485.0978
Turkmenistan,NA,NA,NA,NA,2014,28.0,370364.3443
Uganda,NA,NA,NA,NA,2015,131.5,672912.6402
United Arab Emirates,NA,NA,NA,NA,2017,5.4,466542.7709
United States,NA,NA,NA,NA,2017,18.8,503023.3179
Vanuatu,NA,NA,NA,NA,2013,51.2,570533.8014
Venezuela,NA,NA,NA,NA,2012,94.5,595032.9264
Zimbabwe,NA,NA,NA,NA,2017,77.6,588820.5284
"Virgin Islands, U.S.",NA,NA,NA,NA,NA,NA,518790.7957
Taiwan (Province of China),NA,NA,NA,NA,NA,NA,429694.729
Global,NA,NA,NA,NA,NA,NA,503637.5158
Swaziland,NA,NA,NA,NA,NA,NA,570900.0651
Guam,NA,NA,NA,NA,NA,NA,639472.6973
Bermuda,NA,NA,NA,NA,NA,NA,495995.1048
American Samoa,NA,NA,NA,NA,NA,NA,560867.3254
Greenland,NA,NA,NA,NA,NA,NA,511753.4916
